{
  "object_classifier_type": "OpenCVMLClassifier",
  "featureExtractor": {
    "feature_extractor_type": "NormalizedFeatureExtractor",
    "featureExtractor": {
      "feature_extractor_type": "DefaultFeatureExtractor",
      "measurements": [
        "Area",
        "Circ.",
        "Round",
        "Circularity",
        "Max diameter µm",
        "Min diameter µm",
        "Smoothed: 15 µm: Area",
        "Smoothed: 15 µm: Width",
        "Smoothed: 15 µm: Circ.",
        "Smoothed: 15 µm: Round",
        "Smoothed: 15 µm: Circularity",
        "Smoothed: 15 µm: Max diameter µm",
        "Smoothed: 15 µm: Min diameter µm"
      ]
    },
    "normalizer": {
      "offsets": [
        0.0,
        0.0,
        0.0,
        0.0,
        0.0,
        0.0,
        0.0,
        0.0,
        0.0,
        0.0,
        0.0,
        0.0,
        0.0
      ],
      "scales": [
        1.0,
        1.0,
        1.0,
        1.0,
        1.0,
        1.0,
        1.0,
        1.0,
        1.0,
        1.0,
        1.0,
        1.0,
        1.0
      ],
      "missingValue": 0.0
    }
  },
  "classifier": {
    "class": "ANN_MLP",
    "statmodel": {
      "format": 3,
      "layer_sizes": [
        13,
        2
      ],
      "activation_function": "SIGMOID_SYM",
      "f_param1": 1.0,
      "f_param2": 1.0,
      "min_val": -9.4999999999999996e-01,
      "max_val": 9.4999999999999996e-01,
      "min_val1": -9.7999999999999998e-01,
      "max_val1": 9.7999999999999998e-01,
      "training_params": {
        "train_method": "RPROP",
        "dw0": 1.0000000000000001e-01,
        "dw_plus": 1.2000000000000000e+00,
        "dw_minus": 5.0000000000000000e-01,
        "dw_min": 1.1920928955078125e-07,
        "dw_max": 50.0,
        "term_criteria": {
          "epsilon": 1.0000000000000000e-02,
          "iterations": 1000
        }
      },
      "input_scale": [
        4.2318402122983895e-03,
        -4.9253790861844560e-01,
        8.7177018182789965e+01,
        -3.9487014050203970e+00,
        4.7183406190312711e+00,
        -3.2519485402976374e+00,
        7.2725886103828170e+00,
        -3.8620515420949824e+00,
        8.4078877927185741e-02,
        -9.3510125082884299e-01,
        1.2242456429246039e-01,
        -9.1755849701214809e-01,
        4.3555839045559819e-03,
        -4.5440689185129124e-01,
        1.0179891789518181e-01,
        -8.1203194546315605e-01,
        1.1530573801280502e+02,
        -5.6352463870708656e+00,
        7.6366929513822832e+00,
        -5.4523348944199466e+00,
        9.6605330656118742e+00,
        -5.4914837206069365e+00,
        8.7336266487305039e-02,
        -8.4121140572823494e-01,
        1.3052390100658515e-01,
        -8.4760254884161557e-01
      ],
      "output_scale": [
        1.0,
        0.0,
        1.0,
        0.0
      ],
      "inv_output_scale": [
        1.0,
        0.0,
        1.0,
        0.0
      ],
      "weights": [
        [
          -7.5389841392409529e-01,
          -6.0259218471879838e-01,
          3.3531209750926905e-01,
          -4.2295024730774422e-01,
          -1.1188312512277172e+00,
          9.3556422377568316e-01,
          -2.1327965823217343e-01,
          -2.2486702514551590e-01,
          -4.1954358154401833e-01,
          3.7315409734136828e-01,
          -6.6044218824941814e-01,
          1.1354670370087443e+00,
          9.9043552510181276e-01,
          4.3909713292381847e-01,
          -4.7792727435602637e-02,
          -1.1459224002407829e-01,
          -1.4963284329886053e+00,
          3.2022208652999928e-01,
          -2.2510067644183132e-02,
          8.2862542103853698e-01,
          2.8005595279660084e-01,
          1.2788663178588036e+00,
          7.2082804702681358e-01,
          -9.5862788996609682e-01,
          -1.2566186304542248e-01,
          -3.4191742343904249e-02,
          7.2406557855169795e-01,
          -1.1307657463752467e+00
        ]
      ]
    }
  },
  "pathClasses": [
    {
      "name": "Other",
      "colorRGB": -14336
    },
    {
      "name": "Positive",
      "colorRGB": -16776961
    }
  ],
  "requestProbabilityEstimate": false,
  "filter": "DETECTIONS_ALL",
  "timestamp": 1679501375887
}